[
    {
        "title": "The Great Gatsby",
        "author": "F. Scott Fitzgerald",
        "description": "A novel about the American dream and the Roaring Twenties.",
        "image": "book1.jpg",
        "price": "$20"
    },
    {
        "title": "To Kill a Mockingbird",
        "author": "Harper Lee",
        "description": "A novel about racial injustice in the Deep South.",
        "image": "book2.jpg",
        "price": "$25"
    },
    {
        "title": "1984",
        "author": "George Orwell",
        "description": "A dystopian novel about totalitarian regime and surveillance.",
        "image": "book4.jpg",
        "price": "$15"
    },
    {
        "title": "Pride and Prejudice",
        "author": "Jane Austen",
        "description": "A romantic novel about the manners and matrimonial machinations of early 19th-century England.",
        "image": "book3.jpg",
        "price": "$12"
    },
    {
        "title": "Moby-Dick",
        "author": "Herman Melville",
        "description": "A novel about the voyage of the whaling ship Pequod.",
        "image": "book5.jpg",
        "price": "$17"
    }
]
